latitude,longitude,timestamp,pb,cd,as_metal,hg,cr
15.988963,82.272506,2021-01-01T00:00:00Z,5.937,4.9034,146.885,1.5009,38.53
15.988963,82.272506,2022-01-01T00:00:00Z,6.569,3.7081,143.683,1.9517,28.474
15.988963,82.272506,2023-01-01T00:00:00Z,6.426,4.819,139.085,1.6507,25.585
15.988963,82.272506,2024-01-01T00:00:00Z,6.91,4.378,166.468,1.8051,36.737
15.988963,82.272506,2025-01-01T00:00:00Z,5.843,4.6097,162.009,1.8693,36.079
19.064297,72.724864,2021-01-01T00:00:00Z,12.211,3.5384,113.512,1.3445,9.816
19.064297,72.724864,2022-01-01T00:00:00Z,13.971,3.2834,113.135,1.1386,12.097
19.064297,72.724864,2023-01-01T00:00:00Z,11.931,3.0331,118.617,0.9816,13.229
19.064297,72.724864,2024-01-01T00:00:00Z,11.949,3.5515,124.92,1.016,11.185
19.064297,72.724864,2025-01-01T00:00:00Z,13.302,3.2171,139.303,1.3747,12.22
8.23549,77.993802,2021-01-01T00:00:00Z,9.633,1.8399,222.268,0.136,41.488
8.23549,77.993802,2022-01-01T00:00:00Z,9.284,2.0083,196.623,0.2279,31.086
8.23549,77.993802,2023-01-01T00:00:00Z,8.637,2.1747,174.533,0.1079,33.279
8.23549,77.993802,2024-01-01T00:00:00Z,10.399,1.6076,191.888,0.1281,40.254
8.23549,77.993802,2025-01-01T00:00:00Z,9.095,1.9143,164.475,0.2551,35.599
13.687515,82.013759,2021-01-01T00:00:00Z,21.727,3.7328,153.234,1.3179,21.949
13.687515,82.013759,2022-01-01T00:00:00Z,23.615,3.7577,108.413,1.346,24.601
13.687515,82.013759,2023-01-01T00:00:00Z,23.167,3.3596,86.545,1.5794,20.795
13.687515,82.013759,2024-01-01T00:00:00Z,18.208,2.5835,146.086,1.4927,23.151
13.687515,82.013759,2025-01-01T00:00:00Z,24.124,3.8342,158.9,1.1585,23.604
28.798381,80.05018,2021-01-01T00:00:00Z,27.939,1.3373,239.087,0.6833,87.634
28.798381,80.05018,2022-01-01T00:00:00Z,27.016,1.4981,220.439,0.6561,91.19
28.798381,80.05018,2023-01-01T00:00:00Z,26.13,1.1061,213.128,0.619,95.401
28.798381,80.05018,2024-01-01T00:00:00Z,29.53,1.22,236.509,0.5946,92.086
28.798381,80.05018,2025-01-01T00:00:00Z,26.462,1.1226,247.213,0.6726,89.002
26.675914,86.509911,2021-01-01T00:00:00Z,17.992,0.2946,17.171,0.8427,9.869
26.675914,86.509911,2022-01-01T00:00:00Z,18.369,0.289,16.69,0.7127,8.816
26.675914,86.509911,2023-01-01T00:00:00Z,18.715,0.2789,16.022,0.8719,7.951
26.675914,86.509911,2024-01-01T00:00:00Z,16.951,0.3233,17.526,0.8567,8.505
26.675914,86.509911,2025-01-01T00:00:00Z,18.16,0.3211,13.232,0.992,9.992
12.053081,73.047707,2021-01-01T00:00:00Z,7.541,0.1507,28.127,0.0696,30.951
12.053081,73.047707,2022-01-01T00:00:00Z,7.42,0.2075,25.351,0.1298,22.298
12.053081,73.047707,2023-01-01T00:00:00Z,7.4,0.1633,25.002,0.1046,25.294
12.053081,73.047707,2024-01-01T00:00:00Z,7.075,0.1559,25.409,0.0841,25.012
12.053081,73.047707,2025-01-01T00:00:00Z,8.209,0.1618,24.135,0.0861,25.46
27.20503,76.120402,2021-01-01T00:00:00Z,41.098,0.8401,46.845,1.051,40.183
27.20503,76.120402,2022-01-01T00:00:00Z,41.83,1.0008,55.057,1.0558,38.814
27.20503,76.120402,2023-01-01T00:00:00Z,38.89,0.9528,58.767,1.0564,34.002
27.20503,76.120402,2024-01-01T00:00:00Z,40.353,1.0769,56.08,1.1277,36.299
27.20503,76.120402,2025-01-01T00:00:00Z,36.088,1.0416,55.404,1.0665,36.836
22.701162,88.348377,2021-01-01T00:00:00Z,14.084,3.9772,193.255,1.5098,15.3
22.701162,88.348377,2022-01-01T00:00:00Z,12.876,3.317,172.01,1.3504,11.403
22.701162,88.348377,2023-01-01T00:00:00Z,13.52,3.0443,171.569,1.3181,10.649
22.701162,88.348377,2024-01-01T00:00:00Z,13.048,3.0568,176.552,1.0453,12.089
22.701162,88.348377,2025-01-01T00:00:00Z,14.86,3.759,193.55,1.1689,16.251
19.405041,74.60621,2021-01-01T00:00:00Z,20.138,0.4043,7.565,1.3718,10.766
19.405041,74.60621,2022-01-01T00:00:00Z,18.773,0.4032,6.063,1.1039,11.895
19.405041,74.60621,2023-01-01T00:00:00Z,19.476,0.3616,5.798,1.1899,11.674
19.405041,74.60621,2024-01-01T00:00:00Z,17.91,0.3147,5.789,1.2087,12.58
19.405041,74.60621,2025-01-01T00:00:00Z,20.34,0.2542,6.037,1.2791,12.378
10.613198,77.923427,2021-01-01T00:00:00Z,31.226,1.2805,16.532,0.4525,6.235
10.613198,77.923427,2022-01-01T00:00:00Z,33.454,1.0782,14.689,0.4674,7.268
10.613198,77.923427,2023-01-01T00:00:00Z,31.946,1.2463,13.631,0.4532,7.6
10.613198,77.923427,2024-01-01T00:00:00Z,30.873,1.0141,15.485,0.4939,7.327
10.613198,77.923427,2025-01-01T00:00:00Z,31.73,1.1202,16.43,0.4254,7.439
9.160045,78.01649,2021-01-01T00:00:00Z,35.883,0.7392,52.195,1.386,6.033
9.160045,78.01649,2022-01-01T00:00:00Z,36.777,0.8108,39.159,1.5385,6.331
9.160045,78.01649,2023-01-01T00:00:00Z,34.565,0.8301,36.627,1.4737,6.272
9.160045,78.01649,2024-01-01T00:00:00Z,36.285,0.7976,35.479,1.6102,6.016
9.160045,78.01649,2025-01-01T00:00:00Z,34.398,0.7264,37.08,1.5831,6.356
22.746866,88.666074,2021-01-01T00:00:00Z,9.392,0.0956,94.046,0.126,22.914
22.746866,88.666074,2022-01-01T00:00:00Z,9.998,0.0911,96.733,0.1874,20.219
22.746866,88.666074,2023-01-01T00:00:00Z,9.071,0.094,91.517,0.1881,20.387
22.746866,88.666074,2024-01-01T00:00:00Z,9.451,0.111,100.088,0.1725,19.953
22.746866,88.666074,2025-01-01T00:00:00Z,8.702,0.114,92.179,0.229,19.73
23.722682,72.700515,2021-01-01T00:00:00Z,49.22,0.1241,39.331,0.6414,75.254
23.722682,72.700515,2022-01-01T00:00:00Z,45.399,0.132,33.22,0.6279,70.753
23.722682,72.700515,2023-01-01T00:00:00Z,47.145,0.1837,34.396,0.6238,63.053
23.722682,72.700515,2024-01-01T00:00:00Z,47.805,0.1423,38.07,0.7141,79.001
23.722682,72.700515,2025-01-01T00:00:00Z,46.322,0.1551,40.55,0.7388,78.103
12.587315,74.796168,2021-01-01T00:00:00Z,15.019,0.0538,51.845,0.2324,46.033
12.587315,74.796168,2022-01-01T00:00:00Z,15.637,0.0749,52.696,0.2469,46.39
12.587315,74.796168,2023-01-01T00:00:00Z,15.667,0.0616,50.47,0.2387,44.548
12.587315,74.796168,2024-01-01T00:00:00Z,15.529,0.0684,52.034,0.2311,44.08
12.587315,74.796168,2025-01-01T00:00:00Z,15.198,0.0659,51.132,0.2267,44.038
23.760765,86.484665,2021-01-01T00:00:00Z,6.04,0.3212,143.056,0.7116,57.296
23.760765,86.484665,2022-01-01T00:00:00Z,6.428,0.3059,142.768,0.6017,49.222
23.760765,86.484665,2023-01-01T00:00:00Z,5.511,0.3257,144.502,0.6453,45.01
23.760765,86.484665,2024-01-01T00:00:00Z,5.706,0.295,149.288,0.6486,52.208
23.760765,86.484665,2025-01-01T00:00:00Z,5.006,0.292,144.264,0.6736,54.53
20.619848,76.94992,2021-01-01T00:00:00Z,9.467,0.5917,18.001,0.5878,10.28
20.619848,76.94992,2022-01-01T00:00:00Z,9.715,0.5781,18.625,0.6493,9.229
20.619848,76.94992,2023-01-01T00:00:00Z,9.657,0.5995,19.12,0.6742,10.642
20.619848,76.94992,2024-01-01T00:00:00Z,9.099,0.5959,18.981,0.6088,8.702
20.619848,76.94992,2025-01-01T00:00:00Z,10.151,0.6491,20.207,0.6049,9.237
22.667671,88.364918,2021-01-01T00:00:00Z,18.82,0.6455,76.801,0.9136,16.996
22.667671,88.364918,2022-01-01T00:00:00Z,20.982,0.6104,78.726,1.1065,19.279
22.667671,88.364918,2023-01-01T00:00:00Z,20.44,0.618,80.831,0.9656,15.089
22.667671,88.364918,2024-01-01T00:00:00Z,19.817,0.634,74.631,0.9968,16.277
22.667671,88.364918,2025-01-01T00:00:00Z,19.396,0.6868,74.03,1.0056,16.364
16.228108,75.744669,2021-01-01T00:00:00Z,6.532,0.2265,35.317,0.2979,5.831
16.228108,75.744669,2022-01-01T00:00:00Z,6.007,0.2552,33.495,0.2512,4.495
16.228108,75.744669,2023-01-01T00:00:00Z,5.657,0.2636,33.597,0.3216,4.998
16.228108,75.744669,2024-01-01T00:00:00Z,6.801,0.2989,33.996,0.3349,6.03
16.228108,75.744669,2025-01-01T00:00:00Z,6.453,0.2809,33.698,0.3106,5.131
13.512231,79.127182,2021-01-01T00:00:00Z,33.275,0.7181,58.908,0.502,7.022
13.512231,79.127182,2022-01-01T00:00:00Z,34.885,0.7957,56.734,0.4954,6.608
13.512231,79.127182,2023-01-01T00:00:00Z,34.407,0.7104,55.028,0.5085,6.826
13.512231,79.127182,2024-01-01T00:00:00Z,33.272,0.8002,61.564,0.5796,7.216
13.512231,79.127182,2025-01-01T00:00:00Z,33.517,0.7257,61.071,0.5127,7.038
24.524517,85.460172,2021-01-01T00:00:00Z,17.214,3.3766,121.711,1.1976,28.493
24.524517,85.460172,2022-01-01T00:00:00Z,16.293,3.2578,127.247,1.191,24.495
24.524517,85.460172,2023-01-01T00:00:00Z,16.9,3.1706,119.213,1.2667,24.592
24.524517,85.460172,2024-01-01T00:00:00Z,17.508,3.1292,121.981,1.1686,27.563
24.524517,85.460172,2025-01-01T00:00:00Z,18.929,3.0738,126.426,1.1444,26.122
22.700273,70.237053,2021-01-01T00:00:00Z,6.181,0.1756,16.16,0.4966,51.848
22.700273,70.237053,2022-01-01T00:00:00Z,6.121,0.1741,16.457,0.5046,57.191
22.700273,70.237053,2023-01-01T00:00:00Z,6.1,0.1807,16.188,0.5041,60.599
22.700273,70.237053,2024-01-01T00:00:00Z,6.498,0.1728,15.875,0.5285,55.723
22.700273,70.237053,2025-01-01T00:00:00Z,6.696,0.1887,16.126,0.4927,56.777
25.69314,84.988827,2021-01-01T00:00:00Z,31.693,4.6405,148.662,1.0147,37.841
25.69314,84.988827,2022-01-01T00:00:00Z,31.534,3.631,151.796,1.2244,36.457
25.69314,84.988827,2023-01-01T00:00:00Z,33.477,4.4782,144.677,1.1369,37.404
25.69314,84.988827,2024-01-01T00:00:00Z,33.322,4.0618,143.662,1.1366,38.748
25.69314,84.988827,2025-01-01T00:00:00Z,32.294,4.0329,159.668,1.1622,40.091
27.732925,84.488362,2021-01-01T00:00:00Z,3.621,0.1037,57.089,0.2282,46.439
27.732925,84.488362,2022-01-01T00:00:00:00Z,3.727,0.1066,58.165,0.2098,42.89
27.732925,84.488362,2023-01-01T00:00:00Z,3.776,0.1062,56.463,0.2523,45.176
27.732925,84.488362,2024-01-01T00:00:00Z,3.7,0.1044,58.833,0.2478,42.624
27.732925,84.488362,2025-01-01T00:00:00Z,3.716,0.1224,58.293,0.2451,46.611
23.776404,86.19727,2021-01-01T00:00:00Z,12.591,0.9673,144.71,0.9135,33.747
23.776404,86.19727,2022-01-01T00:00:00Z,12.515,0.9346,139.655,0.8436,30.346
23.776404,86.19727,2023-01-01T00:00:00Z,12.54,0.9,143.678,0.8239,33.177
23.776404,86.19727,2024-01-01T00:00:00Z,12.644,0.9055,140.42,0.8343,34.162
23.776404,86.19727,2025-01-01T00:00:00Z,12.184,0.8612,144.003,0.8838,34.197
23.206291,76.790534,2021-01-01T00:00:00Z,1.756,0.149,101.088,0.2459,29.737
23.206291,76.790534,2022-01-01T00:00:00Z,1.671,0.1529,97.297,0.2226,29.24
23.206291,76.790534,2023-01-01T00:00:00Z,1.58,0.1477,96.229,0.2231,28.516
23.206291,76.790534,2024-01-01T00:00:00Z,1.664,0.1573,103.845,0.2019,26.402
23.206291,76.790534,2025-01-01T00:00:00Z,1.61,0.1532,100.013,0.2428,27.368
22.124918,84.902557,2021-01-01T00:00:00Z,16.364,1.1402,135.928,0.9897,50.088
22.124918,84.902557,2022-01-01T00:00:00Z,15.68,1.213,122.432,0.9995,44.2
22.124918,84.902557,2023-01-01T00:00:00Z,15.077,1.2718,129.22,1.0031,43.557
22.124918,84.902557,2024-01-01T00:00:00Z,15.372,1.1628,128.165,1.012,45.58
22.124918,84.902557,2025-01-01T00:00:00Z,17.601,1.2747,124.952,1.0736,52.416
19.261262,74.755379,2021-01-01T00:00:00Z,6.884,0.1608,13.246,0.6158,12.035
19.261262,74.755379,2022-01-01T00:00:00:00Z,6.273,0.1687,12.652,0.6235,11.45
19.261262,74.755379,2023-01-01T00:00:00Z,6.171,0.1768,12.409,0.5759,12.096
19.261262,74.755379,2024-01-01T00:00:00Z,6.0,0.1766,12.022,0.6256,12.542
19.261262,74.755379,2025-01-01T00:00:00Z,6.348,0.1844,12.51,0.615,11.846
19.085322,73.108147,2021-01-01T00:00:00Z,40.826,0.4165,19.154,0.5283,4.558
19.085322,73.108147,2022-01-01T00:00:00Z,41.002,0.3114,21.223,0.5444,5.614
19.085322,73.108147,2023-01-01T00:00:00Z,41.781,0.3337,21.627,0.5229,4.999
19.085322,73.108147,2024-01-01T00:00:00Z,41.695,0.4016,21.41,0.5086,5.14
19.085322,73.108147,2025-01-01T00:00:00Z,42.189,0.4074,20.979,0.6298,5.657
19.093153,73.505852,2021-01-01T00:00:00Z,4.06,0.0747,4.181,0.0755,17.351
19.093153,73.505852,2022-01-01T00:00:00Z,4.103,0.0825,4.069,0.1003,16.785
19.093153,73.505852,2023-01-01T00:00:00Z,3.789,0.067,3.717,0.0826,17.156
19.093153,73.505852,2024-01-01T00:00:00Z,3.985,0.0815,4.251,0.0888,17.149
19.093153,73.505852,2025-01-01T00:00:00Z,3.883,0.0836,4.262,0.0857,16.62
23.174209,77.399206,2021-01-01T00:00:00Z,20.073,0.2687,70.389,0.4722,36.167
23.174209,77.399206,2022-01-01T00:00:00Z,20.17,0.3461,73.164,0.4302,32.159
23.174209,77.399206,2023-01-01T00:00:00Z,19.569,0.2954,75.9,0.4599,31.903
23.174209,77.399206,2024-01-01T00:00:00Z,19.213,0.2834,75.304,0.4805,35.804
23.174209,77.399206,2025-01-01T00:00:00Z,19.974,0.3453,74.545,0.4491,36.813
25.099949,88.532634,2021-01-01T00:00:00Z,9.029,0.8716,42.263,0.5272,60.215
25.099949,88.532634,2022-01-01T00:00:00Z,9.339,0.9166,40.484,0.5159,61.224
25.099949,88.532634,2023-01-01T00:00:00Z,8.842,0.8631,42.015,0.5441,63.246
25.099949,88.532634,2024-01-01T00:00:00Z,8.597,0.8477,39.125,0.5289,65.028
25.099949,88.532634,2025-01-01T00:00:00Z,9.331,0.9448,42.588,0.5239,63.972
21.118136,86.904045,2021-01-01T00:00:00Z,20.981,0.8356,132.692,1.214,54.807
21.118136,86.904045,2022-01-01T00:00:00Z,21.633,0.877,133.316,1.1959,49.85
21.118136,86.904045,2023-01-01T00:00:00Z,22.206,0.8237,128.936,1.2347,50.121
21.118136,86.904045,2024-01-01T00:00:00Z,21.849,0.8456,134.069,1.2322,51.56
21.118136,86.904045,2025-01-01T00:00:00Z,21.145,0.9009,131.161,1.1896,49.919
19.040243,72.87402,2021-01-01T00:00:00Z,7.326,0.9887,232.461,0.7225,14.091
19.040243,72.87402,2022-01-01T00:00:00Z,7.391,1.0341,238.563,0.593,16.655
19.040243,72.87402,2023-01-01T00:00:00Z,7.28,1.011,229.089,0.7011,18.17
19.040243,72.87402,2024-01-01T00:00:00Z,7.145,1.013,238.635,0.7492,18.402
19.040243,72.87402,2025-01-01T00:00:00Z,7.462,1.0247,234.482,0.6934,17.723
17.872252,73.479855,2021-01-01T00:00:00Z,19.22,1.5155,23.873,1.0202,12.543
17.872252,73.479855,2022-01-01T00:00:00Z,18.298,1.2629,23.801,0.9852,13.524
17.872252,73.479855,2023-01-01T00:00:00Z,17.774,1.3312,25.571,1.0343,12.539
17.872252,73.479855,2024-01-01T00:00:00Z,17.913,1.3899,24.682,1.0729,14.101
17.872252,73.479855,2025-01-01T00:00:00Z,17.744,1.3073,23.219,0.9962,13.076
21.840943,69.961328,2021-01-01T00:00:00Z,41.05,0.3194,27.058,0.6742,42.62
21.840943,69.961328,2022-01-01T00:00:00Z,40.657,0.3159,25.592,0.6836,47.233
21.840943,69.961328,2023-01-01T00:00:00Z,40.009,0.3642,24.985,0.6641,40.599
21.840943,69.961328,2024-01-01T00:00:00Z,39.153,0.357,27.954,0.7163,40.193
21.840943,69.961328,2025-01-01T00:00:00Z,39.876,0.3248,25.876,0.666,41.8
22.605343,78.006242,2021-01-01T00:00:00Z,8.395,0.1851,84.905,0.7371,29.767
22.605343,78.006242,2022-01-01T00:00:00Z,8.05,0.2059,73.041,0.6761,24.884
22.605343,78.006242,2023-01-01T00:00:00Z,7.449,0.1844,69.661,0.7566,22.892
22.605343,78.006242,2024-01-01T00:00:00Z,7.563,0.1812,76.814,0.7398,27.079
22.605343,78.006242,2025-01-01T00:00:00Z,7.262,0.1806,74.837,0.7336,26.063
24.861478,84.302365,2021-01-01T00:00:00Z,19.934,3.6624,149.756,1.3001,19.783
24.861478,84.302365,2022-01-01T00:00:00Z,19.607,3.0366,142.852,1.2797,19.023
24.861478,84.302365,2023-01-01T00:00:00Z,21.097,3.2983,139.321,1.2841,20.567
24.861478,84.302365,2024-01-01T00:00:00Z,21.142,3.1839,139.839,1.3122,17.793
24.861478,84.302365,2025-01-01T00:00:00Z,22.559,3.1752,133.217,1.3216,17.325
25.4274,84.823597,2021-01-01T00:00:00Z,23.778,3.7716,154.474,1.1543,44.449
25.4274,84.823597,2022-01-01T00:00:00Z,24.555,3.3836,151.604,1.1904,40.357
25.4274,84.823597,2023-01-01T00:00:00Z,23.121,3.7195,153.412,1.0918,40.254
25.4274,84.823597,2024-01-01T00:00:00Z,24.031,3.6541,160.827,1.0951,37.731
25.4274,84.823597,2025-01-01T00:00:00Z,23.926,3.6151,169.08,1.1958,42.415
24.783991,74.118896,2021-01-01T00:00:00Z,8.999,0.3672,22.706,0.3285,53.39
24.783991,74.118896,2022-01-01T00:00:00Z,8.909,0.3994,20.559,0.3008,48.655
24.783991,74.118896,2023-01-01T00:00:00Z,8.672,0.3807,19.751,0.2668,48.191
24.783991,74.118896,2024-01-01T00:00:00Z,8.871,0.3631,20.276,0.3567,51.111
24.783991,74.118896,2025-01-01T00:00:00Z,8.752,0.409,21.68,0.2886,49.34
24.613125,88.318404,2021-01-01T00:00:00Z,12.709,0.3271,166.353,0.4859,47.641
24.613125,88.318404,2022-01-01T00:00:00Z,12.691,0.3014,168.05,0.4768,45.568
24.613125,88.318404,2023-01-01T00:00:00Z,12.648,0.3167,163.054,0.4784,43.883
24.613125,88.318404,2024-01-01T00:00:00Z,12.332,0.312,164.919,0.4783,44.906
24.613125,88.318404,2025-01-01T00:00:00Z,12.118,0.3237,163.479,0.5221,45.782
20.262732,84.460122,2021-01-01T00:00:00Z,8.944,0.4026,109.94,0.4681,24.268
20.262732,84.460122,2022-01-01T00:00:00Z,9.781,0.4058,112.897,0.4878,21.731
20.262732,84.460122,2023-01-01T00:00:00Z,9.061,0.3882,109.799,0.4955,18.36
20.262732,84.460122,2024-01-01T00:00:00Z,10.623,0.4227,111.664,0.4933,22.613
20.262732,84.460122,2025-01-01T00:00:00Z,9.832,0.4009,109.14,0.4305,21.798
25.17334,82.675566,2021-01-01T00:00:00Z,2.01,0.0716,67.043,0.2486,11.319
25.17334,82.675566,2022-01-01T00:00:00Z,1.911,0.0642,65.874,0.2485,11.106
25.17334,82.675566,2023-01-01T00:00:00Z,1.967,0.0665,63.719,0.2633,10.567
25.17334,82.675566,2024-01-01T00:00:00Z,2.172,0.0671,65.449,0.2795,11.241
25.17334,82.675566,2025-01-01T00:00:00Z,1.946,0.0667,65.527,0.2826,10.631
23.686147,74.87682,2021-01-01T00:00:00Z,1.318,0.0462,39.927,0.1026,41.956
23.686147,74.87682,2022-01-01T00:00:00Z,1.283,0.0496,39.087,0.1366,39.946
23.686147,74.87682,2023-01-01T00:00:00Z,1.22,0.048,40.156,0.1106,40.772
23.686147,74.87682,2024-01-01T00:00:00Z,1.238,0.0496,38.869,0.126,39.676
23.686147,74.87682,2025-01-01T00:00:00Z,1.202,0.0489,39.413,0.1221,39.195
23.210844,72.334172,2021-01-01T00:00:00Z,17.736,0.151,50.676,0.6951,24.677
23.210844,72.334172,2022-01-01T00:00:00Z,18.0,0.1616,51.489,0.7786,28.94
23.210844,72.334172,2023-01-01T00:00:00Z,17.108,0.151,52.83,0.6712,22.778
23.210844,72.334172,2024-01-01T00:00:00Z,18.021,0.1564,53.11,0.7368,25.97
23.210844,72.334172,2025-01-01T00:00:00Z,17.857,0.1602,51.066,0.7198,23.73
25.653746,85.144675,2021-01-01T00:00:00Z,5.653,0.2694,145.428,0.8139,54.62
25.653746,85.144675,2022-01-01T00:00:00Z,5.554,0.2614,146.025,0.9226,53.149
25.653746,85.144675,2023-01-01T00:01:00:00Z,6.584,0.297,147.275,0.8482,54.988
25.653746,85.144675,2024-01-01T00:00:00Z,5.53,0.29,150.336,0.8577,53.419
25.653746,85.144675,2025-01-01T00:00:00Z,6.322,0.2862,149.153,0.8676,54.966
24.40853,83.412612,2021-01-01T00:00:00Z,16.42,2.3602,123.461,1.2479,24.007
24.40853,83.412612,2022-01-01T00:00:00Z,16.023,2.3925,124.258,1.1864,28.364
24.40853,83.412612,2023-01-01T00:00:00Z,15.894,2.598,125.001,1.1554,26.983
24.40853,83.412612,2024-01-01T00:00:00Z,16.649,2.721,126.294,1.1412,28.851
24.40853,83.412612,2025-01-01T00:00:00Z,17.335,2.689,126.54,1.1412,27.659
23.688713,86.211386,2021-01-01T00:00:00Z,1.809,0.2035,92.528,0.3093,54.132
23.688713,86.211386,2022-01-01T00:00:00Z,1.787,0.2004,91.748,0.2973,44.038
23.688713,86.211386,2023-01-01T00:00:00Z,1.714,0.1999,90.238,0.3139,46.164
23.688713,86.211386,2024-01-01T00:00:00Z,1.801,0.2146,90.633,0.2994,44.741
23.688713,86.211386,2025-01-01T00:00:00Z,1.779,0.2286,92.008,0.3098,47.709
24.13503,85.959464,2021-01-01T00:00:00Z,6.246,0.7827,120.929,0.7494,48.019
24.13503,85.959464,2022-01-01T00:00:00Z,6.166,0.7799,123.058,0.7028,43.735
24.13503,85.959464,2023-01-01T00:00:00Z,6.25,0.761,121.884,0.7249,41.884
24.13503,85.959464,2024-01-01T00:00:00Z,6.391,0.771,121.375,0.7476,45.057
24.13503,85.959464,2025-01-01T00:00:00Z,6.127,0.7623,121.746,0.739,42.022
23.601725,88.297006,2021-01-01T00:00:00Z,20.133,0.3806,60.253,0.5205,34.739
23.601725,88.297006,2022-01-01T00:00:00Z,20.118,0.3804,60.27,0.6152,29.585
23.601725,88.297006,2023-01-01T00:00:00Z,19.858,0.3783,56.668,0.6135,29.008
23.601725,88.297006,2024-01-01T00:00:00Z,19.658,0.3756,58.657,0.5371,30.99
23.601725,88.297006,2025-01-01T00:00:00Z,19.944,0.3835,59.884,0.5821,31.783
24.30301,84.872982,2021-01-01T00:00:00Z,15.489,0.617,124.146,0.8456,49.223
24.30301,84.872982,2022-01-01T00:00:00Z,14.427,0.6076,122.166,0.8863,44.826
24.30301,84.872982,2023-01-01T00:00:00Z,13.609,0.6186,121.071,0.8856,45.287
24.30301,84.872982,2024-01-01T00:00:00Z,13.829,0.5997,116.458,0.8868,45.345
24.30301,84.872982,2025-01-01T00:00:00Z,14.441,0.6125,118.193,0.8722,47.025
25.242863,84.991972,2021-01-01T00:00:00Z,6.841,0.6635,143.06,0.5885,29.599
25.242863,84.991972,2022-01-01T00:00:00Z,6.545,0.6604,142.962,0.577,30.049
25.242863,84.991972,2023-01-01T00:00:00Z,6.427,0.6726,139.024,0.5886,28.997
25.242863,84.991972,2024-01-01T00:00:00Z,6.28,0.6989,141.537,0.615,30.175
25.242863,84.991972,2025-01-01T00:00:00Z,6.441,0.6676,142.05,0.617,30.308
27.967796,83.480728,2021-01-01T00:00:00Z,5.544,0.0866,182.741,0.2219,49.111
27.967796,83.480728,2022-01-01T00:00:00Z,5.439,0.0843,182.279,0.2316,47.679
27.967796,83.480728,2023-01-01T00:00:00Z,5.504,0.0989,182.17,0.1979,46.453
27.967796,83.480728,2024-01-01T00:00:00Z,5.558,0.0972,183.326,0.2263,47.244
27.967796,83.480728,2025-01-01T00:00:00Z,5.724,0.1013,183.854,0.2367,48.281
25.686274,76.091141,2021-01-01T00:00:00Z,6.82,0.2727,29.485,0.4111,34.67
25.686274,76.091141,2022-01-01T00:00:00Z,6.643,0.2935,29.232,0.4119,29.803
25.686274,76.091141,2023-01-01T00:00:00Z,6.534,0.2969,30.025,0.4312,30.062
25.686274,76.091141,2024-01-01T00:00:00Z,6.458,0.3063,31.211,0.4457,31.094
25.686274,76.091141,2025-01-01T00:00:00Z,6.885,0.325,29.558,0.444,29.705
27.837594,76.146744,2021-01-01T00:00:00Z,1.708,0.1035,26.953,0.1331,63.843
27.837594,76.146744,2022-01-01T00:00:00Z,1.694,0.1033,27.346,0.1387,57.863
27.837594,76.146744,2023-01-01T00:00:00Z,1.674,0.106,26.488,0.1519,59.256
27.837594,76.146744,2024-01-01T00:00:00Z,1.741,0.1111,28.897,0.1392,54.543
27.837594,76.146744,2025-01-01T00:00:00Z,1.805,0.1112,27.968,0.1316,55.632
26.245504,86.622485,2021-01-01T00:00:00Z,5.68,0.2311,108.586,0.3837,57.905
26.245504,86.622485,2022-01-01T00:00:00Z,5.402,0.2316,111.521,0.4346,53.724
26.245504,86.622485,2023-01-01T00:00:00Z,5.815,0.2419,114.734,0.4267,49.51
26.245504,86.622485,2024-01-01T00:00:00Z,5.811,0.2364,112.771,0.4257,50.06
26.245504,86.622485,2025-01-01T00:00:00Z,5.867,0.2447,109.496,0.4256,52.163
23.325744,86.883976,2021-01-01T00:00:00Z,47.737,1.8787,145.39,1.2789,26.802
23.325744,86.883976,2022-01-01T00:00:00Z,47.354,1.7131,150.889,1.1662,20.4
23.325744,86.883976,2023-01-01T00:00:00Z,49.21,1.7599,145.269,1.3027,21.566
23.325744,86.883976,2024-01-01T00:00:00Z,48.601,1.623,142.54,1.2305,20.68
23.325744,86.883976,2025-01-01T00:00:00Z,47.802,1.7648,142.366,1.2767,22.533
22.854122,86.022419,2021-01-01T00:00:00Z,17.646,1.0763,135.419,1.0447,27.71
22.854122,86.022419,2022-01-01T00:00:00Z,17.96,1.0887,129.359,0.9923,29.379
22.854122,86.022419,2023-01-01T00:00:00Z,17.345,1.0918,128.322,1.0402,28.948
22.854122,86.022419,2024-01-01T00:00:00Z,17.433,1.1046,127.859,1.0366,29.119
22.854122,86.022419,2025-01-01T00:00:00Z,17.255,1.1432,131.868,1.0688,30.603
24.330948,77.390061,2021-01-01T00:00:00Z,8.149,0.5983,52.03,0.5149,25.711
24.330948,77.390061,2022-01-01T00:00:00Z,7.893,0.6109,51.61,0.5186,25.237
24.330948,77.390061,2023-01-01T00:00:00Z,8.119,0.6501,52.08,0.5518,24.068
24.330948,77.390061,2024-01-01T00:00:00Z,8.288,0.6307,52.531,0.5294,24.368
24.330948,77.390061,2025-01-01T00:00:00Z,8.564,0.6047,52.883,0.5326,24.217
27.442363,75.048127,2021-01-01T00:00:00Z,2.954,0.0759,48.112,0.0802,29.588
27.442363,75.048127,2022-01-01T00:00:00Z,3.03,0.0712,45.971,0.0843,27.671
27.442363,75.048127,2023-01-01T00:00:00Z,2.933,0.0768,44.077,0.0848,27.5
27.442363,75.048127,2024-01-01T00:00:00Z,2.896,0.0753,45.578,0.0861,27.16
27.442363,75.048127,2025-01-01T00:00:00Z,2.804,0.0782,44.836,0.0916,26.737
26.848347,85.944851,2021-01-01T00:00:00Z,18.763,1.0071,132.506,1.0895,60.369
26.848347,85.944851,2022-01-01T00:00:00Z,18.934,1.0769,137.95,1.0957,58.464
26.848347,85.944851,2023-01-01T00:00:00Z,18.2,1.05,138.119,1.0601,59.127
26.848347,85.944851,2024-01-01T00:00:00Z,19.32,1.0538,136.724,1.0727,57.806
26.848347,85.944851,2025-01-01T00:00:00Z,19.142,1.0123,138.858,1.058,58.183
25.878095,86.387772,2021-01-01T00:00:00Z,10.579,0.7289,156.125,0.9488,53.143
25.878095,86.387772,2022-01-01T00:00:00Z,10.966,0.7184,149.58,0.8976,47.87
25.878095,86.387772,2023-01-01T00:00:00Z,10.824,0.7101,153.613,0.9764,50.293
25.878095,86.387772,2024-01-01T00:00:00Z,10.629,0.6862,151.98,0.9423,48.818
25.878095,86.387772,2025-01-01T00:00:00Z,10.545,0.7071,155.302,0.9537,50.964
23.847393,77.97772,2021-01-01T00:00:00Z,11.946,0.1751,41.346,0.6077,47.702
23.847393,77.97772,2022-01-01T00:00:00Z,11.99,0.1784,41.2,0.6048,43.638
23.847393,77.97772,2023-01-01T00:00:00Z,11.948,0.1742,40.414,0.6451,41.567
23.847393,77.97772,2024-01-01T00:00:00Z,12.317,0.1736,41.061,0.6173,45.362
23.847393,77.97772,2025-01-01T00:00:00Z,12.04,0.1776,41.447,0.6634,44.792
27.862089,85.909468,2021-01-01T00:00:00Z,1.665,0.0629,64.567,0.0916,44.362
27.862089,85.909468,2022-01-01T00:00:00Z,1.635,0.0617,63.887,0.0846,42.784
27.862089,85.909468,2023-01-01T00:00:00Z,1.718,0.0618,64.885,0.0827,42.204
27.862089,85.909468,2024-01-01T00:00:00Z,1.676,0.0651,64.423,0.0921,43.1
27.862089,85.909468,2025-01-01T00:00:00Z,1.697,0.0629,64.042,0.0862,44.66
19.932619,72.8223,2021-01-01T00:00:00Z,41.385,0.8066,105.072,0.8886,18.344
19.932619,72.8223,2022-01-01T00:00:00Z,40.838,0.7774,93.608,0.8736,19.483
19.932619,72.8223,2023-01-01T00:00:00Z,40.104,0.7605,91.276,0.8546,18.88
19.932619,72.8223,2024-01-01T00:00:00Z,41.211,0.7717,92.086,0.8869,18.951
19.932619,72.8223,2025-01-01T00:00:00Z,40.664,0.7965,94.241,0.9154,20.052
28.530646,78.863904,2021-01-01T00:00:00Z,36.129,1.563,68.985,0.7315,17.386
28.530646,78.863904,2022-01-01T00:00:00Z,34.498,1.5718,63.308,0.6683,18.66
28.530646,78.863904,2023-01-01T00:00:00Z,34.382,1.7976,57.167,0.8311,18.65
28.530646,78.863904,2024-01-01T00:00:00Z,31.242,1.8808,65.665,0.6639,22.854
28.530646,78.863904,2025-01-01T00:00:00Z,30.919,1.6609,64.649,0.727,15.539
28.290074,84.013937,2021-01-01T00:00:00Z,3.543,0.1596,137.737,0.8613,41.394
28.290074,84.013937,2022-01-01T00:00:00Z,3.452,0.1562,137.772,0.7241,47.323
28.290074,84.013937,2023-01-01T00:00:00Z,4.009,0.1845,130.755,0.8703,42.546
28.290074,84.013937,2024-01-01T00:00:00Z,3.793,0.19,144.478,0.4417,44.136
28.290074,84.013937,2025-01-01T00:00:00Z,4.02,0.1456,147.469,0.7043,49.333
25.717013,84.072686,2021-01-01T00:00:00Z,26.928,4.4418,172.328,0.9785,71.849
25.717013,84.072686,2022-01-01T00:00:00Z,28.917,4.2994,142.677,1.2056,63.028
25.717013,84.072686,2023-01-01T00:00:00Z,27.372,4.6748,129.873,1.064,60.625
25.717013,84.072686,2024-01-01T00:00:00Z,32.4,4.0793,134.253,0.8962,50.247
25.717013,84.072686,2025-01-01T00:00:00Z,31.555,5.1045,164.673,1.2249,58.776